Symbol	Trade Type	Entry DateTime	Exit DateTime	Entry Price	Exit Price	Trade Quantity	Max Open Quantity	Max Closed Quantity	Profit/Loss (P)	Cumulative Profit/Loss (P)	FlatToFlat Profit/Loss (P)	FlatToFlat Max Open Profit (P)	FlatToFlat Max Open Loss (P)	Max Open Profit (P)	Max Open Loss (P)	Entry Efficiency	Exit Efficiency	Total Efficiency	Commission (C)	High Price While Open	Low Price While Open	Note	Open Position Quantity	Close Position Quantity	Duration	Account
[Sim]ESU3.CME (Sim1)	Short	2023-07-13  09:51:26.249 BP	2023-07-13  09:54:18.021 EP	4530.00	4532.00	2	2	2	-4.00	-4.00	-4.00 F	1.00	-4.00	1.00	-4.00	100.0%	0.0%	-80.0%	0.00	4532.00	4529.50	SimpleOrderCommonStop.twconfig	2	0	00:02:51	Sim1
[Sim]ESU3.CME	Short	2023-07-13  10:04:33.421 BP	2023-07-13  10:10:41.378 EP	4529.00	4531.00	2	2	2	-4.00	-8.00	-4.00 F	4.00	-4.00	4.00	-4.00	100.0%	0.0%	-50.0%	0.00	4531.00	4527.00	SimpleOrderCommonStop.twconfig	2	0	00:06:07	Sim1
[Sim]ESU3.CME	Short	2023-07-13  10:13:21.810 BP	2023-07-13  11:01:08.973	4529.00	4531.75	2	3	2	-5.50	-13.50	-5.50	7.50	-6.00	7.50	-6.00	100.0%	3.7%	-40.7%	0.00	4532.00	4525.25	SimpleOrderCommonStop.twconfig	2	1	00:47:47	Sim1
[Sim]ESU3.CME	Short	2023-07-13  10:24:21.652	2023-07-13  11:01:08.973 EP	4527.25	4531.75	1	3	3	-4.50	-18.00	-10.00 F	9.50	-10.75	2.00	-4.75	40.0%	30.9%	-22.2%	0.00	4532.00	4525.25	SimpleOrderCommonStop.twconfig	3	0	00:36:47	Sim1
[Sim]ESU3.CME	Short	2023-07-13  11:01:21.486 BP	2023-07-13  11:37:22.378	4530.75	4528.75	2	4	2	4.00	-14.00	4.00	10.00	-3.00	10.00	-3.00	100.0%	53.8%	30.8%	0.00	4532.25	4525.75	SimpleOrderCommonStop.twconfig	2	2	00:36:00	Sim1
[Sim]ESU3.CME	Short	2023-07-13  11:02:53.492	2023-07-13  11:37:22.378 EP	4530.50	4528.75	2	4	4	3.50	-10.50	7.50 F	19.50	-6.50	9.50	-3.50	25.0%	38.5%	13.5%	0.00	4532.25	4525.75	SimpleOrderCommonStop.twconfig	4	0	00:34:28	Sim1
[Sim]ESU3.CME	Short	2023-07-13  14:02:47.584 BP	2023-07-13  14:07:48.707	4534.25	4536.75	5	8	5	-12.50	-23.00	-12.50	1.25	-12.50	1.25	-12.50	100.0%	0.0%	-90.9%	0.00	4536.75	4534.00	2TargetsWithCommonStop.twconfig	5	3	00:05:01	Sim1
[Sim]ESU3.CME	Short	2023-07-13  14:02:47.585	2023-07-13  14:07:48.707 EP	4534.25	4536.75	3	8	8	-7.50	-30.50	-20.00 F	2.00	-20.00	0.75	-7.50	100.0%	56.8%	-34.1%	0.00	4536.75	4534.00	2TargetsWithCommonStop.twconfig	8	0	00:05:01	Sim1
[Sim]ESU3.CME	Long	2023-07-13  14:08:07.698 BP	2023-07-13  14:15:58.025	4536.75	4539.25	5	16	5	12.50	-18.00	12.50	13.75	-1.25	13.75	-1.25	100.0%	91.7%	83.3%	0.00	4539.50	4536.50	2TargetsWithCommonStop.twconfig	5	11	00:07:50	Sim1
[Sim]ESU3.CME	Long	2023-07-13  14:08:07.699	2023-07-13  14:15:58.025	4536.75	4539.25	3	16	8	7.50	-10.50	20.00	22.00	-2.00	8.25	-0.75	100.0%	39.6%	31.2%	0.00	4539.50	4536.50	2TargetsWithCommonStop.twconfig	8	8	00:07:50	Sim1
[Sim]ESU3.CME	Long	2023-07-13  14:08:29.123	2023-07-13  14:15:58.025	4537.50	4539.25	2	16	10	3.50	-7.00	23.50	26.00	-3.00	4.00	-1.00	0.0%	22.4%	12.1%	0.00	4539.50	4537.00	2TargetsWithCommonStop.twconfig	13	6	00:07:28	Sim1
[Sim]ESU3.CME	Long	2023-07-13  14:08:29.123	2023-07-13  14:15:59.986	4537.50	4539.25	3	16	13	5.25	-1.75	28.75	32.00	-4.50	6.00	-1.50	0.0%	26.7%	14.4%	0.00	4539.50	4537.00	2TargetsWithCommonStop.twconfig	13	3	00:07:30	Sim1
[Sim]ESU3.CME	Long	2023-07-13  14:08:29.123	2023-07-13  14:15:59.986 EP	4537.50	4539.25	3	16	16	5.25	3.50	34.00 F	38.00	-6.00	6.00	-1.50	0.0%	25.6%	11.9%	0.00	4539.50	4537.00	2TargetsWithCommonStop.twconfig	16	0	00:07:30	Sim1
[Sim]ESU3.CME	Short	2023-08-16  10:59:40.353 BP	2023-08-16  11:08:48.144	4462.75	4462.50	2	5	2	0.39	0.39	0.39	4.00	-5.00	4.00	-5.00	100.0%	59.9%	4.4%	5.32	4465.25	4460.75	2Targets5c_3out_2run.twconfig	2	3	00:09:07	Sim1
[Sim]ESU3.CME	Short	2023-08-16  10:59:40.353	2023-08-16  11:08:48.144 EP	4462.75	4462.50	3	5	5	0.59	0.98	0.98 F	10.00	-12.50	6.00	-7.50	100.0%	58.2%	2.6%	7.98	4465.25	4460.75	2Targets5c_3out_2run.twconfig	5	0	00:09:07	Sim1
[Sim]ESU3.CME	Short	2023-08-16  11:25:33.325 BP	2023-08-16  11:26:33.804	4460.25	4458.00	2	5	2	4.39	5.38	4.39	4.50	-0.00	4.50	-0.00	100.0%	97.6%	97.6%	5.32	4460.25	4458.00	2Targets5c_3out_2run.twconfig	2	3	00:01:00	Sim1
[Sim]ESU3.CME	Short	2023-08-16  11:25:33.325	2023-08-16  11:26:33.804	4460.25	4458.00	1	5	3	2.20	7.57	6.59	6.75	-0.00	2.25	-0.00	100.0%	32.5%	32.5%	2.66	4460.25	4458.00	2Targets5c_3out_2run.twconfig	5	2	00:01:00	Sim1
[Sim]ESU3.CME	Short	2023-08-16  11:25:33.325	2023-08-16  11:46:19.802 EP	4460.25	4455.50	2	5	5	9.39	16.97	15.98 F	21.25	-0.00	14.50	-0.00	100.0%	44.2%	44.2%	5.32	4460.25	4453.00	2Targets5c_3out_2run.twconfig	5	0	00:20:46	Sim1
[Sim]ESU3.CME	Short	2023-08-16  11:48:07.338 BP	2023-08-16  11:49:49.512	4451.75	4452.25	2	5	2	-1.11	15.86	-1.11	3.00	-1.00	3.00	-1.00	100.0%	-2.7%	-27.7%	5.32	4452.25	4450.25	2Targets5c_3out_2run.twconfig	2	3	00:01:42	Sim1
[Sim]ESU3.CME	Short	2023-08-16  11:48:07.338	2023-08-16  11:49:49.512 EP	4451.75	4452.25	3	5	5	-1.66	14.20	-2.77 F	7.50	-2.50	4.50	-1.50	100.0%	8.4%	-16.6%	7.98	4452.25	4450.25	2Targets5c_3out_2run.twconfig	5	0	00:01:42	Sim1
[Sim]ESU3.CME	Short	2023-08-16  11:54:47.668 BP	2023-08-16  11:57:02.699	4451.50	4449.25	2	5	2	4.39	18.60	4.39	4.50	-1.50	4.50	-1.50	100.0%	98.2%	73.2%	5.32	4452.25	4449.25	2Targets5c_3out_2run.twconfig	2	3	00:02:15	Sim1
[Sim]ESU3.CME	Short	2023-08-16  11:54:47.668	2023-08-16  11:57:02.699	4451.50	4449.25	1	5	3	2.20	20.79	6.59	6.75	-2.25	2.25	-0.75	100.0%	49.4%	24.4%	2.66	4452.25	4449.25	2Targets5c_3out_2run.twconfig	5	2	00:02:15	Sim1
[Sim]ESU3.CME	Short	2023-08-16  11:54:47.668	2023-08-16  12:05:28.085 EP	4451.50	4449.75	2	5	5	3.39	24.19	9.98 F	17.25	-3.75	10.50	-1.50	100.0%	34.0%	16.2%	5.32	4452.25	4446.25	2Targets5c_3out_2run.twconfig	5	0	00:10:40	Sim1
[Sim]ESU3.CME	Short	2023-08-16  12:06:36.667 BP	2023-08-16  12:09:08.802	4449.25	4447.00	2	5	2	4.39	28.58	4.39	4.50	-0.00	4.50	-0.00	100.0%	97.6%	97.6%	5.32	4449.25	4447.00	2Targets5c_3out_2run.twconfig	2	3	00:02:32	Sim1
[Sim]ESU3.CME	Short	2023-08-16  12:06:36.668	2023-08-16  12:09:08.802	4449.25	4447.00	1	5	3	2.20	30.78	6.59	6.75	-0.00	2.25	-0.00	100.0%	32.5%	32.5%	2.66	4449.25	4447.00	2Targets5c_3out_2run.twconfig	5	2	00:02:32	Sim1
[Sim]ESU3.CME	Short	2023-08-16  12:06:36.668	2023-08-16  12:12:24.844 EP	4449.25	4444.25	2	5	5	9.89	40.67	16.48 F	19.75	-0.00	13.00	-0.00	100.0%	50.1%	50.1%	5.32	4449.25	4442.75	2Targets5c_3out_2run.twconfig	5	0	00:05:48	Sim1
[Sim]ESU3.CME	Short	2023-08-16  12:19:33.642 BP	2023-08-16  12:21:47.954	4441.75	4443.00	2	5	2	-2.61	38.06	-2.61	2.50	-3.00	2.50	-3.00	100.0%	7.2%	-47.4%	5.32	4443.25	4440.50	2Targets5c_3out_2run.twconfig	2	3	00:02:14	Sim1
[Sim]ESU3.CME	Short	2023-08-16  12:19:33.643	2023-08-16  12:21:47.954 EP	4441.75	4443.00	3	5	5	-3.91	34.15	-6.52 F	6.25	-7.50	3.75	-4.50	100.0%	26.1%	-28.4%	7.98	4443.25	4440.50	2Targets5c_3out_2run.twconfig	5	0	00:02:14	Sim1
[Sim]ESU3.CME	Short	2023-08-16  12:22:54.475 BP	2023-08-16  12:26:20.996	4442.75	4441.50	2	5	2	2.39	36.55	2.39	4.50	-1.00	4.50	-1.00	100.0%	61.7%	43.5%	5.32	4443.25	4440.50	2Targets5c_3out_2run.twconfig	2	3	00:03:26	Sim1
[Sim]ESU3.CME	Short	2023-08-16  12:22:54.475	2023-08-16  12:26:20.996 EP	4442.75	4441.50	3	5	5	3.59	40.14	5.98 F	11.25	-2.50	6.75	-1.50	100.0%	44.3%	26.1%	7.98	4443.25	4440.50	2Targets5c_3out_2run.twconfig	5	0	00:03:26	Sim1
[Sim]ESU3.CME	Short	2023-08-16  12:45:59.581 BP	2023-08-16  12:48:07.530	4446.00	4443.75	2	5	2	4.39	44.53	4.39	4.50	-0.50	4.50	-0.50	100.0%	97.9%	87.9%	5.32	4446.25	4443.75	2Targets5c_3out_2run.twconfig	2	3	00:02:07	Sim1
[Sim]ESU3.CME	Short	2023-08-16  12:45:59.582	2023-08-16  12:48:07.530	4446.00	4443.75	1	5	3	2.20	46.73	6.59	6.75	-0.75	2.25	-0.25	100.0%	39.3%	29.3%	2.66	4446.25	4443.75	2Targets5c_3out_2run.twconfig	5	2	00:02:07	Sim1
[Sim]ESU3.CME	Short	2023-08-16  12:45:59.582	2023-08-16  13:02:58.223 EP	4446.00	4443.50	2	5	5	4.89	51.62	11.48 F	17.25	-1.25	10.50	-0.50	100.0%	33.2%	26.5%	5.32	4446.25	4440.75	2Targets5c_3out_2run.twconfig	5	0	00:16:58	Sim1
[Sim]ESU3.CME	Short	2023-08-16  13:44:52.325 BP	2023-08-16  13:46:56.139	4443.25	4444.75	2	5	2	-3.11	48.52	-3.11	0.50	-3.00	0.50	-3.00	100.0%	-3.0%	-88.8%	5.32	4444.75	4443.00	2Targets5c_3out_2run.twconfig	2	3	00:02:03	Sim1
[Sim]ESU3.CME	Short	2023-08-16  13:44:52.326	2023-08-16  13:46:56.139 EP	4443.25	4444.75	3	5	5	-4.66	43.86	-7.77 F	1.25	-7.50	0.75	-4.50	100.0%	32.5%	-53.3%	7.98	4444.75	4443.00	2Targets5c_3out_2run.twconfig	5	0	00:02:03	Sim1
[Sim]ESU3.CME	Short	2023-08-16  14:10:43.506 BP	2023-08-16  14:11:02.073	4435.50	4433.25	2	5	2	4.39	48.25	4.39	4.50	-1.50	4.50	-1.50	100.0%	98.2%	73.2%	5.32	4436.25	4433.25	2Targets5c_3out_2run.twconfig	2	3	00:00:18	Sim1
[Sim]ESU3.CME	Short	2023-08-16  14:10:43.506	2023-08-16  14:11:02.073	4435.50	4433.25	1	5	3	2.20	50.45	6.59	6.75	-2.25	2.25	-0.75	100.0%	49.4%	24.4%	2.66	4436.25	4433.25	2Targets5c_3out_2run.twconfig	5	2	00:00:18	Sim1
[Sim]ESU3.CME	Short	2023-08-16  14:10:43.506	2023-08-16  14:11:26.026 EP	4435.50	4435.25	2	5	5	0.39	50.84	6.98 F	13.25	-3.75	6.50	-1.50	100.0%	24.4%	2.3%	5.32	4436.25	4432.25	2Targets5c_3out_2run.twconfig	5	0	00:00:42	Sim1
[Sim]ESU3.CME	Long	2023-08-16  14:13:01.246 BP	2023-08-16  14:13:28.596	4435.25	4437.50	2	5	2	4.39	55.23	4.39	4.50	-1.00	4.50	-1.00	100.0%	98.1%	79.9%	5.32	4437.50	4434.75	2Targets5c_3out_2run.twconfig	2	3	00:00:27	Sim1
[Sim]ESU3.CME	Long	2023-08-16  14:13:01.246	2023-08-16  14:13:28.596	4435.25	4437.50	1	5	3	2.20	57.43	6.59	6.75	-1.50	2.25	-0.50	100.0%	44.8%	26.6%	2.66	4437.50	4434.75	2Targets5c_3out_2run.twconfig	5	2	00:00:27	Sim1
[Sim]ESU3.CME	Long	2023-08-16  14:13:01.246	2023-08-16  14:15:01.663 EP	4435.25	4435.50	2	5	5	0.39	57.82	6.98 F	13.25	-2.50	6.50	-1.00	100.0%	18.4%	2.5%	5.32	4438.50	4434.75	2Targets5c_3out_2run.twconfig	5	0	00:02:00	Sim1
[Sim]ESU3.CME	Long	2023-08-16  14:15:56.227 BP	2023-08-16  14:17:25.326	4439.25	4441.50	2	5	2	4.39	62.22	4.39	4.50	-3.00	4.50	-3.00	100.0%	98.6%	58.6%	5.32	4441.50	4437.75	2Targets5c_3out_2run.twconfig	2	3	00:01:29	Sim1
[Sim]ESU3.CME	Long	2023-08-16  14:15:56.227	2023-08-16  14:17:25.326	4439.25	4441.50	1	5	3	2.20	64.41	6.59	6.75	-4.50	2.25	-1.50	100.0%	59.5%	19.5%	2.66	4441.50	4437.75	2Targets5c_3out_2run.twconfig	5	2	00:01:29	Sim1
[Sim]ESU3.CME	Long	2023-08-16  14:15:56.227	2023-08-16  14:22:55.217 EP	4439.25	4450.00	2	5	5	21.39	85.81	27.98 F	31.25	-7.50	24.50	-3.00	100.0%	74.6%	55.2%	5.32	4451.50	4437.75	2Targets5c_3out_2run.twconfig	5	0	00:06:58	Sim1
[Sim]ESU3.CME	Short	2023-08-16  14:41:24.753 BP	2023-08-16  14:42:29.199	4448.75	4446.50	2	5	2	4.39	90.20	4.39	4.50	-0.50	4.50	-0.50	100.0%	97.9%	87.9%	5.32	4449.00	4446.50	2Targets5c_3out_2run.twconfig	2	3	00:01:04	Sim1
[Sim]ESU3.CME	Short	2023-08-16  14:41:24.753	2023-08-16  14:42:29.199	4448.75	4446.50	1	5	3	2.20	92.40	6.59	6.75	-0.75	2.25	-0.25	100.0%	39.3%	29.3%	2.66	4449.00	4446.50	2Targets5c_3out_2run.twconfig	5	2	00:01:04	Sim1
[Sim]ESU3.CME	Short	2023-08-16  14:41:24.753	2023-08-16  14:52:35.857 EP	4448.75	4441.00	2	5	5	15.39	107.79	21.98 F	29.25	-1.25	22.50	-0.50	100.0%	54.6%	50.5%	5.32	4449.00	4437.50	2Targets5c_3out_2run.twconfig	5	0	00:11:11	Sim1
[Sim]ESU3.CME	Long	2023-08-16  15:31:49.747 BP	2023-08-16  15:33:45.137	4426.00	4428.25	2	5	2	4.39	112.19	4.39	4.50	-1.50	4.50	-1.50	100.0%	98.2%	73.2%	5.32	4428.25	4425.25	2Targets5c_3out_2run.twconfig	2	3	00:01:55	Sim1
[Sim]ESU3.CME	Long	2023-08-16  15:31:49.747	2023-08-16  15:33:45.137	4426.00	4428.25	1	5	3	2.20	114.38	6.59	6.75	-2.25	2.25	-0.75	100.0%	49.4%	24.4%	2.66	4428.25	4425.25	2Targets5c_3out_2run.twconfig	5	2	00:01:55	Sim1
[Sim]ESU3.CME	Long	2023-08-16  15:31:49.747	2023-08-16  15:38:36.718 EP	4426.00	4425.00	2	5	5	-2.11	112.28	4.48 F	14.75	-4.25	8.00	-2.00	100.0%	11.3%	-11.1%	5.32	4430.00	4425.00	2Targets5c_3out_2run.twconfig	5	0	00:06:46	Sim1
[Sim]ESU3.CME	Short	2023-08-17  09:52:05.777 BP	2023-08-17  09:54:33.753	4425.00	4422.75	2	5	2	4.39	116.67	4.39	5.00	-2.00	5.00	-2.00	100.0%	91.3%	62.8%	5.32	4426.00	4422.50	2Targets5c_3out_2run.twconfig	2	3	00:02:27	Sim1
[Sim]ESU3.CME	Short	2023-08-17  09:52:05.777	2023-08-17  09:54:33.753	4425.00	4422.75	1	5	3	2.20	118.87	6.59	7.50	-3.00	2.50	-1.00	100.0%	49.5%	20.9%	2.66	4426.00	4422.50	2Targets5c_3out_2run.twconfig	5	2	00:02:27	Sim1
[Sim]ESU3.CME	Short	2023-08-17  09:52:05.777	2023-08-17  09:56:26.283 EP	4425.00	4421.75	2	5	5	6.39	125.26	12.98 F	17.50	-5.00	10.00	-2.00	100.0%	50.6%	28.4%	5.32	4426.00	4420.00	2Targets5c_3out_2run.twconfig	5	0	00:04:20	Sim1
[Sim]ESU3.CME	Long	2023-08-17  09:56:35.793 BP	2023-08-17  09:56:43.863	4424.00	4426.50	2	5	2	4.89	130.15	4.89	5.00	0.00	5.00	0.00	100.0%	97.9%	97.9%	5.32	4426.50	4424.00	2Targets5c_3out_2run.twconfig	2	3	00:00:08	Sim1
[Sim]ESU3.CME	Long	2023-08-17  09:56:35.793	2023-08-17  09:56:43.863	4424.00	4426.50	1	5	3	2.45	132.60	7.34	7.50	0.00	2.50	0.00	100.0%	32.6%	32.6%	2.66	4426.50	4424.00	2Targets5c_3out_2run.twconfig	5	2	00:00:08	Sim1
[Sim]ESU3.CME	Long	2023-08-17  09:56:35.793	2023-08-17  10:04:36.579	4424.00	4424.00	2	3	5	-0.11	132.49	7.23	16.50	-0.50	9.00	-0.50	100.0%	2.3%	-0.6%	5.32	4428.50	4423.75	2Targets5c_3out_2run.twconfig	5	1	00:08:00	Sim1
[Sim]ESU3.CME	Long	2023-08-17  10:04:07.547	2023-08-17  10:05:37.775 EP	4427.00	4423.50	1	3	3	-3.55	128.94	3.68 F	16.50	-4.00	0.00	-3.50	31.6%	2.2%	-17.3%	2.66	4427.00	4423.50	SimpleBracket.twconfig	3	0	00:01:30	Sim1
[Sim]ESU3.CME	Long	2023-08-17  10:07:03.586 BP	2023-08-17  10:12:36.406	4427.00	4423.50	2	5	2	-7.11	121.83	-7.11	3.50	-7.50	3.50	-7.50	100.0%	3.6%	-64.6%	5.32	4428.75	4423.25	2Targets5c_3out_2run.twconfig	2	3	00:05:32	Sim1
[Sim]ESU3.CME	Long	2023-08-17  10:07:03.586	2023-08-17  10:12:36.406 EP	4427.00	4423.50	3	5	5	-10.66	111.17	-17.77 F	8.75	-18.75	5.25	-11.25	100.0%	29.4%	-38.8%	7.98	4428.75	4423.25	2Targets5c_3out_2run.twconfig	5	0	00:05:32	Sim1
[Sim]ESU3.CME	Long	2023-08-17  10:14:32.038 BP	2023-08-17  10:15:37.312	4423.00	4425.50	2	5	2	4.89	116.07	4.89	5.50	-0.50	5.50	-0.50	100.0%	89.9%	81.6%	5.32	4425.75	4422.75	2Targets5c_3out_2run.twconfig	2	3	00:01:05	Sim1
[Sim]ESU3.CME	Long	2023-08-17  10:14:32.038	2023-08-17  10:15:37.312	4423.00	4425.50	1	5	3	2.45	118.52	7.34	8.25	-0.75	2.75	-0.25	100.0%	35.5%	27.2%	2.66	4425.75	4422.75	2Targets5c_3out_2run.twconfig	5	2	00:01:05	Sim1
[Sim]ESU3.CME	Long	2023-08-17  10:14:32.038	2023-08-17  10:17:30.272 EP	4423.00	4423.75	2	5	5	1.39	119.91	8.73 F	19.25	-1.25	11.00	-0.50	100.0%	12.9%	6.8%	5.32	4428.50	4422.75	2Targets5c_3out_2run.twconfig	5	0	00:02:58	Sim1
[Sim]ESU3.CME	Short	2023-08-17  10:25:24.426 BP	2023-08-17  10:30:30.481	4422.00	4424.75	2	5	2	-5.61	114.30	-5.61	1.00	-5.50	1.00	-5.50	100.0%	-1.6%	-86.3%	5.32	4424.75	4421.50	2Targets5c_3out_2run.twconfig	2	3	00:05:06	Sim1
[Sim]ESU3.CME	Short	2023-08-17  10:25:24.426	2023-08-17  10:30:30.481 EP	4422.00	4424.75	3	5	5	-8.41	105.89	-14.02 F	2.50	-13.75	1.50	-8.25	100.0%	32.9%	-51.8%	7.98	4424.75	4421.50	2Targets5c_3out_2run.twconfig	5	0	00:05:06	Sim1
[Sim]ESU3.CME	Short	2023-08-17  10:31:10.326 BP	2023-08-17  10:33:21.152	4423.25	4420.75	2	5	2	4.89	110.79	4.89	5.00	-2.50	5.00	-2.50	100.0%	98.6%	65.2%	5.32	4424.50	4420.75	2Targets5c_3out_2run.twconfig	2	3	00:02:10	Sim1
[Sim]ESU3.CME	Short	2023-08-17  10:31:10.326	2023-08-17  10:33:21.152	4423.25	4420.75	1	5	3	2.45	113.23	7.34	7.50	-3.75	2.50	-1.25	100.0%	55.1%	21.7%	2.66	4424.50	4420.75	2Targets5c_3out_2run.twconfig	5	2	00:02:10	Sim1
[Sim]ESU3.CME	Short	2023-08-17  10:31:10.326	2023-08-17  10:50:02.196 EP	4423.25	4423.00	2	5	5	0.39	113.63	7.73 F	23.50	-6.25	16.00	-2.50	100.0%	22.3%	1.3%	5.32	4424.50	4415.25	2Targets5c_3out_2run.twconfig	5	0	00:18:51	Sim1
[Sim]ESU3.CME	Short	2023-08-17  10:56:55.533 BP	2023-08-17  10:59:03.117	4424.50	4422.25	2	5	2	4.39	118.02	4.39	4.50	-1.50	4.50	-1.50	100.0%	98.2%	73.2%	5.32	4425.25	4422.25	2Targets5c_3out_2run.twconfig	2	3	00:02:07	Sim1
[Sim]ESU3.CME	Short	2023-08-17  10:56:55.533	2023-08-17  10:59:03.117	4424.50	4422.25	1	5	3	2.20	120.22	6.59	6.75	-2.25	2.25	-0.75	100.0%	49.4%	24.4%	2.66	4425.25	4422.25	2Targets5c_3out_2run.twconfig	5	2	00:02:07	Sim1
[Sim]ESU3.CME	Short	2023-08-17  10:56:55.533	2023-08-17  11:04:31.938 EP	4424.50	4419.25	2	5	5	10.39	130.61	16.98 F	19.75	-3.75	13.00	-1.50	100.0%	60.2%	44.2%	5.32	4425.25	4418.00	2Targets5c_3out_2run.twconfig	5	0	00:07:36	Sim1
[Sim]ESU3.CME	Short	2023-08-17  11:07:57.098 BP	2023-08-17  11:10:27.126	4418.25	4419.25	2	5	2	-2.11	128.50	-2.11	2.00	-2.00	2.00	-2.00	100.0%	-2.7%	-52.7%	5.32	4419.25	4417.25	2Targets5c_3out_2run.twconfig	2	3	00:02:30	Sim1
[Sim]ESU3.CME	Short	2023-08-17  11:07:57.098	2023-08-17  11:10:27.126 EP	4418.25	4419.25	3	5	5	-3.16	125.34	-5.27 F	5.00	-5.00	3.00	-3.00	100.0%	18.4%	-31.6%	7.98	4419.25	4417.25	2Targets5c_3out_2run.twconfig	5	0	00:02:30	Sim1
[Sim]ESU3.CME	Short	2023-08-17  11:10:47.914 BP	2023-08-17  11:15:42.730	4418.50	4418.50	2	5	2	-0.11	125.24	-0.11	3.00	-4.00	3.00	-4.00	100.0%	55.6%	-1.5%	5.32	4420.50	4417.00	2Targets5c_3out_2run.twconfig	2	3	00:04:54	Sim1
[Sim]ESU3.CME	Short	2023-08-17  11:10:47.914	2023-08-17  11:15:42.730 EP	4418.50	4418.50	3	5	5	-0.16	125.08	-0.27 F	7.50	-10.00	4.50	-6.00	100.0%	56.2%	-0.9%	7.98	4420.50	4417.00	2Targets5c_3out_2run.twconfig	5	0	00:04:54	Sim1
[Sim]ESU3.CME	Short	2023-08-17  11:18:22.376 BP	2023-08-17  11:21:36.793	4416.75	4414.50	2	5	2	4.39	129.47	4.39	4.50	-2.50	4.50	-2.50	100.0%	98.5%	62.8%	5.32	4418.00	4414.50	2Targets5c_3out_2run.twconfig	2	3	00:03:14	Sim1
[Sim]ESU3.CME	Short	2023-08-17  11:18:22.376	2023-08-17  11:21:36.793	4416.75	4414.50	1	5	3	2.20	131.67	6.59	6.75	-3.75	2.25	-1.25	100.0%	56.6%	20.9%	2.66	4418.00	4414.50	2Targets5c_3out_2run.twconfig	5	2	00:03:14	Sim1
[Sim]ESU3.CME	Short	2023-08-17  11:18:22.376	2023-08-17  11:22:45.335 EP	4416.75	4418.75	2	5	5	-4.11	127.56	2.48 F	11.25	-7.75	4.50	-4.00	100.0%	19.2%	-21.6%	5.32	4418.75	4414.50	2Targets5c_3out_2run.twconfig	5	0	00:04:22	Sim1
[Sim]ESU3.CME	Short	2023-08-17  11:28:50.970 BP	2023-08-17  11:29:31.266	4415.00	4415.00	2	5	2	-0.11	127.46	-0.11	1.00	-1.50	1.00	-1.50	100.0%	55.8%	-4.3%	5.32	4415.75	4414.50	2Targets5c_3out_2run.twconfig	2	3	00:00:40	Sim1
[Sim]ESU3.CME	Short	2023-08-17  11:28:50.970	2023-08-17  11:29:31.266 EP	4415.00	4415.00	3	5	5	-0.16	127.30	-0.27 F	2.50	-3.75	1.50	-2.25	100.0%	57.5%	-2.6%	7.98	4415.75	4414.50	2Targets5c_3out_2run.twconfig	5	0	00:00:40	Sim1
[Sim]ESU3.CME	Short	2023-08-17  11:30:12.540 BP	2023-08-17  11:35:57.547	4414.50	4412.25	2	5	2	4.39	131.69	4.39	4.50	-2.50	4.50	-2.50	100.0%	98.5%	62.8%	5.32	4415.75	4412.25	2Targets5c_3out_2run.twconfig	2	3	00:05:45	Sim1
[Sim]ESU3.CME	Short	2023-08-17  11:30:12.540	2023-08-17  11:35:57.547	4414.50	4412.25	1	5	3	2.20	133.89	6.59	6.75	-3.75	2.25	-1.25	100.0%	56.6%	20.9%	2.66	4415.75	4412.25	2Targets5c_3out_2run.twconfig	5	2	00:05:45	Sim1
[Sim]ESU3.CME	Short	2023-08-17  11:30:12.540	2023-08-17  11:37:20.686 EP	4414.50	4414.50	2	5	5	-0.11	133.78	6.48 F	12.25	-6.25	5.50	-2.50	100.0%	33.2%	-0.6%	5.32	4415.75	4411.75	2Targets5c_3out_2run.twconfig	5	0	00:07:08	Sim1
[Sim]ESU3.CME	Long	2023-08-17  12:54:07.615 BP	2023-08-17  13:00:47.634	4425.00	4425.25	2	5	2	0.39	134.17	0.39	5.00	-2.50	5.00	-2.50	100.0%	38.6%	5.2%	5.32	4427.50	4423.75	2Targets5c_3out_2run.twconfig	2	3	00:06:40	Sim1
[Sim]ESU3.CME	Long	2023-08-17  12:54:07.616	2023-08-17  13:00:47.634 EP	4425.00	4425.25	3	5	5	0.59	134.76	0.98 F	12.50	-6.25	7.50	-3.75	100.0%	36.5%	3.1%	7.98	4427.50	4423.75	2Targets5c_3out_2run.twconfig	5	0	00:06:40	Sim1
[Sim]ESU3.CME	Short	2023-08-17  13:04:50.772 BP	2023-08-17  13:07:54.712	4423.75	4423.50	2	5	2	0.39	135.16	0.39	4.50	-0.50	4.50	-0.50	100.0%	17.9%	7.9%	5.32	4424.00	4421.50	2Targets5c_3out_2run.twconfig	2	3	00:03:03	Sim1
[Sim]ESU3.CME	Short	2023-08-17  13:04:50.772	2023-08-17  13:07:54.712 EP	4423.75	4423.50	3	5	5	0.59	135.75	0.98 F	11.25	-1.25	6.75	-0.75	100.0%	14.7%	4.7%	7.98	4424.00	4421.50	2Targets5c_3out_2run.twconfig	5	0	00:03:03	Sim1
[Sim]ESU3.CME	Long	2023-08-17  13:34:59.846 BP	2023-08-17  13:42:04.686	4412.00	4410.75	2	5	2	-2.61	133.14	-2.61	4.00	-2.50	4.00	-2.50	100.0%	-1.6%	-40.1%	5.32	4414.00	4410.75	2Targets5c_3out_2run.twconfig	2	3	00:07:04	Sim1
[Sim]ESU3.CME	Long	2023-08-17  13:34:59.846	2023-08-17  13:42:04.686 EP	4412.00	4410.75	3	5	5	-3.91	129.23	-6.52 F	10.00	-6.25	6.00	-3.75	100.0%	14.4%	-24.1%	7.98	4414.00	4410.75	2Targets5c_3out_2run.twconfig	5	0	00:07:04	Sim1
[Sim]ESU3.CME	Short	2023-08-17  13:46:13.578 BP	2023-08-17  14:05:13.581	4406.75	4405.75	2	10	2	1.89	131.13	1.89	2.00	-7.50	2.00	-7.50	100.0%	98.9%	19.9%	5.32	4410.50	4405.75	2Targets5c_3out_2run.twconfig	2	8	00:19:00	Sim1
[Sim]ESU3.CME	Short	2023-08-17  13:46:13.578	2023-08-17  14:05:13.581	4406.75	4405.75	1	10	3	0.95	132.07	2.84	3.00	-11.25	1.00	-3.75	100.0%	85.6%	6.6%	2.66	4410.50	4405.75	2Targets5c_3out_2run.twconfig	5	7	00:19:00	Sim1
[Sim]ESU3.CME	Short	2023-08-17  13:46:13.578	2023-08-17  14:15:26.477	4406.75	4404.25	2	10	5	4.89	136.97	7.73	8.00	-18.75	5.00	-7.50	100.0%	88.4%	18.3%	5.32	4410.50	4404.25	2Targets5c_3out_2run.twconfig	5	5	00:29:12	Sim1
[Sim]ESU3.CME	Short	2023-08-17  13:47:39.647	2023-08-17  14:15:26.477	4408.00	4404.25	1	10	6	3.70	140.66	11.43	11.75	-21.25	3.75	-2.50	62.5%	75.6%	11.2%	2.66	4410.50	4404.25	2Targets5c_3out_2run.twconfig	7	4	00:27:46	Sim1
[Sim]ESU3.CME	Short	2023-08-17  13:47:39.647	2023-08-17  14:27:39.758	4408.00	4407.50	1	10	7	0.45	141.11	11.88	18.00	-23.75	6.25	-2.50	62.5%	58.0%	1.1%	2.66	4410.50	4401.75	2Targets5c_3out_2run.twconfig	7	3	00:40:00	Sim1
[Sim]ESU3.CME	Short	2023-08-17  13:47:39.647	2023-08-17  14:27:39.758	4408.00	4407.50	1	10	8	0.45	141.56	12.32	24.25	-26.25	6.25	-2.50	62.5%	52.9%	0.9%	2.66	4410.50	4401.75	2Targets5c_3out_2run.twconfig	10	2	00:40:00	Sim1
[Sim]ESU3.CME	Short	2023-08-17  13:47:39.647	2023-08-17  14:27:39.758 EP	4408.00	4407.50	2	10	10	0.89	142.45	13.22 F	36.75	-31.25	12.50	-5.00	62.5%	47.3%	1.3%	5.32	4410.50	4401.75	2Targets5c_3out_2run.twconfig	10	0	00:40:00	Sim1
[Sim]ESU3.CME	Short	2023-08-17  14:31:24.380 BP	2023-08-17  14:36:25.737	4403.50	4401.25	2	5	2	4.39	146.84	4.39	4.50	-1.00	4.50	-1.00	100.0%	98.1%	79.9%	5.32	4404.00	4401.25	2Targets5c_3out_2run.twconfig	2	3	00:05:01	Sim1
[Sim]ESU3.CME	Short	2023-08-17  14:31:24.380	2023-08-17  14:36:25.737	4403.50	4401.25	1	5	3	2.20	149.04	6.59	6.75	-1.50	2.25	-0.50	100.0%	44.8%	26.6%	2.66	4404.00	4401.25	2Targets5c_3out_2run.twconfig	5	2	00:05:01	Sim1
[Sim]ESU3.CME	Short	2023-08-17  14:31:24.380	2023-08-17  14:37:45.397 EP	4403.50	4403.25	2	5	5	0.39	149.43	6.98 F	12.75	-2.50	6.00	-1.00	100.0%	19.0%	2.6%	5.32	4404.00	4400.50	2Targets5c_3out_2run.twconfig	5	0	00:06:21	Sim1
[Sim]ESU3.CME	Short	2023-08-17  14:52:31.958 BP	2023-08-17  14:55:20.634	4396.25	4393.00	2	5	2	6.39	155.83	6.39	7.00	-2.00	7.00	-2.00	100.0%	93.3%	71.0%	5.32	4397.25	4392.75	2Targets5c_3out_2run.twconfig	2	3	00:02:48	Sim1
[Sim]ESU3.CME	Short	2023-08-17  14:52:31.958	2023-08-17  14:55:20.634	4396.25	4393.00	1	5	3	3.20	159.03	9.59	10.50	-3.00	3.50	-1.00	100.0%	45.9%	23.7%	2.66	4397.25	4392.75	2Targets5c_3out_2run.twconfig	5	2	00:02:48	Sim1
[Sim]ESU3.CME	Short	2023-08-17  14:52:31.958	2023-08-17  15:14:08.111 EP	4396.25	4385.25	2	5	5	21.89	180.92	31.48 F	38.50	-5.00	28.00	-2.00	100.0%	61.8%	50.3%	5.32	4397.25	4382.25	2Targets5c_3out_2run.twconfig	5	0	00:21:36	Sim1
[Sim]ESU3.CME	Long	2023-08-17  15:22:53.272 BP	2023-08-17  15:24:16.922	4383.75	4380.50	2	5	2	-6.61	174.31	-6.61	0.50	-6.50	0.50	-6.50	100.0%	-1.5%	-94.4%	5.32	4384.00	4380.50	2Targets5c_3out_2run.twconfig	2	3	00:01:23	Sim1
[Sim]ESU3.CME	Long	2023-08-17  15:22:53.272	2023-08-17  15:24:16.922 EP	4383.75	4380.50	3	5	5	-9.91	164.40	-16.52 F	1.25	-16.25	0.75	-9.75	100.0%	36.2%	-56.6%	7.98	4384.00	4380.50	2Targets5c_3out_2run.twconfig	5	0	00:01:23	Sim1
[Sim]ESU3.CME	Long	2023-08-17  15:46:27.369 BP	2023-08-17  15:50:11.894	4384.75	4387.00	2	5	2	4.39	168.80	4.39	4.50	-2.50	4.50	-2.50	100.0%	98.5%	62.8%	5.32	4387.00	4383.50	2Targets5c_3out_2run.twconfig	2	3	00:03:44	Sim1
[Sim]ESU3.CME	Long	2023-08-17  15:46:27.369	2023-08-17  15:50:11.894	4384.75	4387.00	1	5	3	2.20	170.99	6.59	6.75	-3.75	2.25	-1.25	100.0%	56.6%	20.9%	2.66	4387.00	4383.50	2Targets5c_3out_2run.twconfig	5	2	00:03:44	Sim1
[Sim]ESU3.CME	Long	2023-08-17  15:46:27.369	2023-08-17  15:51:55.104 EP	4384.75	4387.00	2	5	5	4.39	175.39	10.98 F	20.25	-6.25	13.50	-2.50	100.0%	40.2%	16.6%	5.32	4391.50	4383.50	2Targets5c_3out_2run.twconfig	5	0	00:05:27	Sim1
[Sim]ESU3.CME	Long	2023-08-17  15:56:04.519 BP	2023-08-17  15:56:59.245	4392.50	4389.50	2	5	2	-6.11	169.28	-6.11	0.50	-6.50	0.50	-6.50	100.0%	5.6%	-87.2%	5.32	4392.75	4389.25	2Targets5c_3out_2run.twconfig	2	3	00:00:54	Sim1
[Sim]ESU3.CME	Long	2023-08-17  15:56:04.519	2023-08-17  15:56:59.245 EP	4392.50	4389.50	3	5	5	-9.16	160.12	-15.27 F	1.25	-16.25	0.75	-9.75	100.0%	40.5%	-52.3%	7.98	4392.75	4389.25	2Targets5c_3out_2run.twconfig	5	0	00:00:54	Sim1
[Sim]ESU3.CME	Long	2023-08-18  09:35:56.981 BP	2023-08-18  09:36:24.559	4361.50	4363.75	2	5	2	4.39	164.51	4.39	4.50	-4.00	4.50	-4.00	100.0%	98.7%	51.7%	5.32	4363.75	4359.50	2Targets5c_3out_2run.twconfig	2	3	00:00:27	Sim1
[Sim]ESU3.CME	Long	2023-08-18  09:35:56.982	2023-08-18  09:36:24.559	4361.50	4363.75	1	5	3	2.20	166.71	6.59	6.75	-6.00	2.25	-2.00	100.0%	64.3%	17.2%	2.66	4363.75	4359.50	2Targets5c_3out_2run.twconfig	5	2	00:00:27	Sim1
[Sim]ESU3.CME	Long	2023-08-18  09:35:56.982	2023-08-18  09:38:25.997 EP	4361.50	4362.25	2	5	5	1.39	168.10	7.98 F	14.25	-10.00	7.50	-4.00	100.0%	47.0%	5.7%	5.32	4365.25	4359.50	2Targets5c_3out_2run.twconfig	5	0	00:02:29	Sim1
[Sim]ESU3.CME	Long	2023-08-18  09:43:26.733 BP	2023-08-18  09:44:01.822	4363.75	4364.00	2	5	2	0.39	168.50	0.39	2.00	-1.00	2.00	-1.00	100.0%	46.4%	13.1%	5.32	4364.75	4363.25	2Targets5c_3out_2run.twconfig	2	3	00:00:35	Sim1
[Sim]ESU3.CME	Long	2023-08-18  09:43:26.734	2023-08-18  09:44:01.822 EP	4363.75	4364.00	3	5	5	0.59	169.09	0.98 F	5.00	-2.50	3.00	-1.50	100.0%	41.2%	7.9%	7.98	4364.75	4363.25	2Targets5c_3out_2run.twconfig	5	0	00:00:35	Sim1
[Sim]ESU3.CME	Short	2023-08-18  09:44:11.101 BP	2023-08-18  09:44:34.324	4362.25	4365.25	2	5	2	-6.11	162.98	-6.11	2.00	-6.00	2.00	-6.00	100.0%	-1.3%	-76.3%	5.32	4365.25	4361.25	2Targets5c_3out_2run.twconfig	2	3	00:00:23	Sim1
[Sim]ESU3.CME	Short	2023-08-18  09:44:11.102	2023-08-18  09:44:34.324 EP	4362.25	4365.25	3	5	5	-9.16	153.82	-15.27 F	5.00	-15.00	3.00	-9.00	100.0%	29.2%	-45.8%	7.98	4365.25	4361.25	2Targets5c_3out_2run.twconfig	5	0	00:00:23	Sim1
[Sim]ESU3.CME	Long	2023-08-18  09:47:00.870 BP	2023-08-18  09:48:37.754	4364.75	4367.00	2	5	2	4.39	158.22	4.39	5.00	-3.00	5.00	-3.00	100.0%	92.4%	54.9%	5.32	4367.25	4363.25	2Targets5c_3out_2run.twconfig	2	3	00:01:36	Sim1
[Sim]ESU3.CME	Long	2023-08-18  09:47:00.870	2023-08-18  09:48:37.754	4364.75	4367.00	1	5	3	2.20	160.41	6.59	7.50	-4.50	2.50	-1.50	100.0%	55.8%	18.3%	2.66	4367.25	4363.25	2Targets5c_3out_2run.twconfig	5	2	00:01:36	Sim1
[Sim]ESU3.CME	Long	2023-08-18  09:47:00.870	2023-08-18  09:54:03.513 EP	4364.75	4367.00	2	5	5	4.39	164.81	10.98 F	22.50	-7.50	15.00	-3.00	100.0%	39.6%	14.6%	5.32	4372.25	4363.25	2Targets5c_3out_2run.twconfig	5	0	00:07:02	Sim1
[Sim]ESU3.CME	Short	2023-08-18  09:55:29.903 BP	2023-08-18  09:55:43.492	4366.25	4364.00	2	5	2	4.39	169.20	4.39	4.50	-0.50	4.50	-0.50	100.0%	97.9%	87.9%	5.32	4366.50	4364.00	2Targets5c_3out_2run.twconfig	2	3	00:00:13	Sim1
[Sim]ESU3.CME	Short	2023-08-18  09:55:29.903	2023-08-18  09:55:43.492	4366.25	4364.00	1	5	3	2.20	171.40	6.59	6.75	-0.75	2.25	-0.25	100.0%	39.3%	29.3%	2.66	4366.50	4364.00	2Targets5c_3out_2run.twconfig	5	2	00:00:13	Sim1
[Sim]ESU3.CME	Short	2023-08-18  09:55:29.903	2023-08-18  09:58:28.086 EP	4366.25	4363.50	2	5	5	5.39	176.79	11.98 F	16.75	-1.25	10.00	-0.50	100.0%	36.9%	30.0%	5.32	4366.50	4361.25	2Targets5c_3out_2run.twconfig	5	0	00:02:58	Sim1
[Sim]ESU3.CME	Long	2023-08-18  10:47:09.974 BP	2023-08-18  10:48:35.809	4368.75	4371.00	2	5	2	4.39	181.18	4.39	4.50	-2.50	4.50	-2.50	100.0%	98.5%	62.8%	5.32	4371.00	4367.50	2Targets5c_3out_2run.twconfig	2	3	00:01:25	Sim1
[Sim]ESU3.CME	Long	2023-08-18  10:47:09.975	2023-08-18  10:48:35.809	4368.75	4371.00	1	5	3	2.20	183.38	6.59	6.75	-3.75	2.25	-1.25	100.0%	56.6%	20.9%	2.66	4371.00	4367.50	2Targets5c_3out_2run.twconfig	5	2	00:01:25	Sim1
[Sim]ESU3.CME	Long	2023-08-18  10:47:09.975	2023-08-18  10:50:41.926 EP	4368.75	4367.50	2	5	5	-2.61	180.77	3.98 F	11.25	-6.25	4.50	-2.50	100.0%	20.8%	-14.9%	5.32	4371.00	4367.50	2Targets5c_3out_2run.twconfig	5	0	00:03:31	Sim1
[Sim]ESU3.CME	Long	2023-08-18  11:14:20.447 BP	2023-08-18  11:14:43.343	4378.25	4376.75	2	5	2	-3.11	177.67	-3.11	0.00	-3.00	0.00	-3.00	100.0%	-3.5%	-103.5%	5.32	4378.25	4376.75	2Targets5c_3out_2run.twconfig	2	3	00:00:22	Sim1
[Sim]ESU3.CME	Long	2023-08-18  11:14:20.448	2023-08-18  11:14:43.343 EP	4378.25	4376.75	3	5	5	-4.66	173.01	-7.77 F	0.00	-7.50	0.00	-4.50	100.0%	37.9%	-62.1%	7.98	4378.25	4376.75	2Targets5c_3out_2run.twconfig	5	0	00:00:22	Sim1
[Sim]ESU3.CME	Long	2023-08-18  11:14:53.781 BP	2023-08-18  11:15:34.892	4378.00	4380.75	2	5	2	5.39	178.40	5.39	5.50	-0.50	5.50	-0.50	100.0%	98.2%	89.9%	5.32	4380.75	4377.75	2Targets5c_3out_2run.twconfig	2	3	00:00:41	Sim1
[Sim]ESU3.CME	Long	2023-08-18  11:14:53.781	2023-08-18  11:15:34.892	4378.00	4380.75	1	5	3	2.70	181.10	8.09	8.25	-0.75	2.75	-0.25	100.0%	38.3%	30.0%	2.66	4380.75	4377.75	2Targets5c_3out_2run.twconfig	5	2	00:00:41	Sim1
[Sim]ESU3.CME	Long	2023-08-18  11:14:53.781	2023-08-18  11:16:03.318 EP	4378.00	4378.25	2	5	5	0.39	181.49	8.48 F	13.75	-1.25	5.50	-0.50	100.0%	11.0%	2.6%	5.32	4380.75	4377.75	2Targets5c_3out_2run.twconfig	5	0	00:01:09	Sim1
[Sim]ESU3.CME	Short	2023-08-18  11:19:03.598 BP	2023-08-18  11:20:56.460	4378.00	4375.75	2	5	2	4.39	185.89	4.39	4.50	-2.00	4.50	-2.00	100.0%	98.4%	67.6%	5.32	4379.00	4375.75	2Targets5c_3out_2run.twconfig	2	3	00:01:52	Sim1
[Sim]ESU3.CME	Short	2023-08-18  11:19:03.598	2023-08-18  11:20:56.460	4378.00	4375.75	1	5	3	2.20	188.08	6.59	6.75	-3.00	2.25	-1.00	100.0%	53.3%	22.5%	2.66	4379.00	4375.75	2Targets5c_3out_2run.twconfig	5	2	00:01:52	Sim1
[Sim]ESU3.CME	Short	2023-08-18  11:19:03.598	2023-08-18  11:22:15.103 EP	4378.00	4379.00	2	5	5	-2.11	185.98	4.48 F	11.75	-5.00	5.00	-2.00	100.0%	17.3%	-12.6%	5.32	4379.00	4375.50	2Targets5c_3out_2run.twconfig	5	0	00:03:11	Sim1
[Sim]ESU3.CME	Short	2023-08-18  11:24:27.548 BP	2023-08-18  11:26:15.681	4376.75	4374.50	2	5	2	4.39	190.37	4.39	4.50	-1.00	4.50	-1.00	100.0%	98.1%	79.9%	5.32	4377.25	4374.50	2Targets5c_3out_2run.twconfig	2	3	00:01:48	Sim1
[Sim]ESU3.CME	Short	2023-08-18  11:24:27.548	2023-08-18  11:26:15.681	4376.75	4374.50	1	5	3	2.20	192.57	6.59	6.75	-1.50	2.25	-0.50	100.0%	44.8%	26.6%	2.66	4377.25	4374.50	2Targets5c_3out_2run.twconfig	5	2	00:01:48	Sim1
[Sim]ESU3.CME	Short	2023-08-18  11:24:27.548	2023-08-18  11:26:59.431 EP	4376.75	4377.00	2	5	5	-0.61	191.96	5.98 F	12.25	-2.50	5.50	-1.00	100.0%	12.8%	-4.1%	5.32	4377.25	4374.00	2Targets5c_3out_2run.twconfig	5	0	00:02:31	Sim1
[Sim]ESU3.CME	Short	2023-08-18  11:37:06.588 BP	2023-08-18  11:39:49.664	4374.50	4372.25	2	5	2	4.39	196.35	4.39	4.50	-0.50	4.50	-0.50	100.0%	97.9%	87.9%	5.32	4374.75	4372.25	2Targets5c_3out_2run.twconfig	2	3	00:02:43	Sim1
[Sim]ESU3.CME	Short	2023-08-18  11:37:06.588	2023-08-18  11:39:49.664	4374.50	4372.25	1	5	3	2.20	198.55	6.59	6.75	-0.75	2.25	-0.25	100.0%	39.3%	29.3%	2.66	4374.75	4372.25	2Targets5c_3out_2run.twconfig	5	2	00:02:43	Sim1
[Sim]ESU3.CME	Short	2023-08-18  11:37:06.588	2023-08-18  11:44:37.217 EP	4374.50	4374.25	2	5	5	0.39	198.94	6.98 F	21.25	-1.25	14.50	-0.50	100.0%	7.3%	1.7%	5.32	4374.75	4367.25	2Targets5c_3out_2run.twconfig	5	0	00:07:30	Sim1
[Sim]ESU3.CME	Short	2023-08-18  12:05:44.384 BP	2023-08-18  12:13:29.083	4383.50	4381.00	2	5	2	4.89	203.84	4.89	5.00	-4.50	5.00	-4.50	100.0%	98.9%	51.5%	5.32	4385.75	4381.00	2Targets5c_3out_2run.twconfig	2	3	00:07:44	Sim1
[Sim]ESU3.CME	Short	2023-08-18  12:05:44.384	2023-08-18  12:13:29.083	4383.50	4381.00	1	5	3	2.45	206.29	7.34	7.50	-6.75	2.50	-2.25	100.0%	64.5%	17.2%	2.66	4385.75	4381.00	2Targets5c_3out_2run.twconfig	5	2	00:07:44	Sim1
[Sim]ESU3.CME	Short	2023-08-18  12:05:44.384	2023-08-18  12:38:21.456 EP	4383.50	4381.25	2	5	5	4.39	210.68	11.73 F	22.00	-11.25	14.50	-4.50	100.0%	47.0%	13.2%	5.32	4385.75	4376.25	2Targets5c_3out_2run.twconfig	5	0	00:32:37	Sim1
[Sim]ESU3.CME	Long	2023-08-18  12:38:21.456 BP	2023-08-18  12:38:24.460 EP	4381.25	4380.50	3	3	3	-2.41	208.27	-2.41 F	0.00	-2.25	0.00	-2.25	16.7%	-7.1%	-107.1%	7.98	4381.25	4380.50	2Targets5c_3out_2run.twconfig	3	0	00:00:03	Sim1
[Sim]ESU3.CME	Short	2023-08-18  12:43:05.047 BP	2023-08-18  12:48:29.819	4383.00	4384.75	1	2	1	-1.80	206.47	-1.80	1.75	-1.75	1.75	-1.75	100.0%	-1.5%	-51.5%	2.66	4384.75	4381.25	2Targets5c_3out_2run.twconfig	1	1	00:05:24	Sim1
[Sim]ESU3.CME	Short	2023-08-18  12:43:05.047	2023-08-18  12:48:29.819 EP	4383.00	4384.75	1	2	2	-1.80	204.66	-3.61 F	3.50	-3.50	1.75	-1.75	100.0%	24.2%	-25.8%	2.66	4384.75	4381.25	2Targets5c_3out_2run.twconfig	2	0	00:05:24	Sim1
[Sim]ESU3.CME	Short	2023-08-18  12:49:12.198 BP	2023-08-18  12:55:28.416	4384.25	4382.00	1	2	1	2.20	206.86	2.20	2.25	-1.25	2.25	-1.25	100.0%	98.5%	62.8%	2.66	4385.50	4382.00	2Targets5c_3out_2run.twconfig	1	1	00:06:16	Sim1
[Sim]ESU3.CME	Short	2023-08-18  12:49:12.198	2023-08-18  13:06:06.626 EP	4384.25	4381.25	1	2	2	2.95	209.81	5.14 F	11.00	-2.50	8.75	-1.25	100.0%	40.3%	21.8%	2.66	4385.50	4375.50	2Targets5c_3out_2run.twconfig	2	0	00:16:54	Sim1
[Sim]ESU3.CME	Short	2023-08-18  13:17:40.773 BP	2023-08-18  13:20:02.575	4375.25	4373.00	1	2	1	2.20	212.00	2.20	2.25	-0.50	2.25	-0.50	100.0%	98.1%	79.9%	2.66	4375.75	4373.00	2Targets5c_3out_2run.twconfig	1	1	00:02:21	Sim1
[Sim]ESU3.CME	Short	2023-08-18  13:17:40.773	2023-08-18  13:20:14.960 EP	4375.25	4374.75	1	2	2	0.45	212.45	2.64 F	4.50	-1.00	2.25	-0.50	100.0%	26.3%	8.1%	2.66	4375.75	4373.00	2Targets5c_3out_2run.twconfig	2	0	00:02:34	Sim1
[Sim]ESU3.CME	Short	2023-08-18  13:20:23.827 BP	2023-08-18  13:23:26.927	4374.00	4371.75	1	2	1	2.20	214.65	2.20	2.25	-0.50	2.25	-0.50	100.0%	98.1%	79.9%	2.66	4374.50	4371.75	2Targets5c_3out_2run.twconfig	1	1	00:03:03	Sim1
[Sim]ESU3.CME	Short	2023-08-18  13:20:23.827	2023-08-18  13:28:51.129 EP	4374.00	4375.25	1	2	2	-1.30	213.34	0.89 F	8.75	-1.75	6.50	-1.25	100.0%	4.3%	-12.4%	2.66	4375.25	4367.50	2Targets5c_3out_2run.twconfig	2	0	00:08:27	Sim1
[Sim]ESU3.CME	Short	2023-08-18  13:30:43.211 BP	2023-08-18  13:33:29.288	4375.75	4377.75	1	2	1	-2.05	211.29	-2.05	2.00	-2.00	2.00	-2.00	100.0%	-1.3%	-51.3%	2.66	4377.75	4373.75	2Targets5c_3out_2run.twconfig	1	1	00:02:46	Sim1
[Sim]ESU3.CME	Short	2023-08-18  13:30:43.211	2023-08-18  13:33:29.289 EP	4375.75	4377.75	1	2	2	-2.05	209.24	-4.11 F	4.00	-4.00	2.00	-2.00	100.0%	24.3%	-25.7%	2.66	4377.75	4373.75	2Targets5c_3out_2run.twconfig	2	0	00:02:46	Sim1
[Sim]ESU3.CME	Short	2023-08-18  13:36:08.216 BP	2023-08-18  13:38:55.274	4376.25	4374.00	1	2	1	2.20	211.43	2.20	2.25	-2.00	2.25	-2.00	100.0%	98.7%	51.7%	2.66	4378.25	4374.00	2Targets5c_3out_2run.twconfig	1	1	00:02:47	Sim1
[Sim]ESU3.CME	Short	2023-08-18  13:36:08.216	2023-08-18  13:43:27.971 EP	4376.25	4375.50	1	2	2	0.70	212.13	2.89 F	6.75	-4.00	4.50	-2.00	100.0%	43.7%	6.5%	2.66	4378.25	4371.75	2Targets5c_3out_2run.twconfig	2	0	00:07:19	Sim1
[Sim]ESU3.CME	Short	2023-08-18  13:50:44.629 BP	2023-08-18  13:52:13.104	4378.25	4380.00	1	2	1	-1.80	210.33	-1.80	0.00	-1.75	0.00	-1.75	100.0%	-3.0%	-103.0%	2.66	4380.00	4378.25	2Targets5c_3out_2run.twconfig	1	1	00:01:28	Sim1
[Sim]ESU3.CME	Short	2023-08-18  13:50:44.630	2023-08-18  13:52:13.104 EP	4378.25	4380.00	1	2	2	-1.80	208.52	-3.61 F	0.00	-3.50	0.00	-1.75	100.0%	48.5%	-51.5%	2.66	4380.00	4378.25	2Targets5c_3out_2run.twconfig	2	0	00:01:28	Sim1
[Sim]ESU3.CME	Long	2023-08-18  14:45:49.906 BP	2023-08-18  14:47:10.188	4383.25	4385.50	1	2	1	2.20	210.72	2.20	2.25	0.00	2.25	0.00	100.0%	97.6%	97.6%	2.66	4385.50	4383.25	2Targets5c_3out_2run.twconfig	1	1	00:01:20	Sim1
[Sim]ESU3.CME	Long	2023-08-18  14:45:49.907	2023-08-18  14:49:32.344 EP	4383.25	4383.75	1	2	2	0.45	211.17	2.64 F	4.75	0.00	2.50	0.00	100.0%	9.4%	9.4%	2.66	4385.75	4383.25	2Targets5c_3out_2run.twconfig	2	0	00:03:42	Sim1
[Sim]ESU3.CME	Short	2023-08-18  15:08:47.226 BP	2023-08-18  15:09:38.247	4381.50	4379.25	1	2	1	2.20	213.36	2.20	2.25	-0.75	2.25	-0.75	100.0%	98.2%	73.2%	2.66	4382.25	4379.25	2Targets5c_3out_2run.twconfig	1	1	00:00:51	Sim1
[Sim]ESU3.CME	Short	2023-08-18  15:08:47.227	2023-08-18  15:28:21.631 EP	4381.50	4380.50	1	2	2	0.95	214.31	3.14 F	10.00	-1.50	7.75	-0.75	100.0%	21.3%	8.2%	2.66	4382.25	4373.75	2Targets5c_3out_2run.twconfig	2	0	00:19:34	Sim1
[Sim]ESU3.CME	Long	2023-08-18  15:40:56.008 BP	2023-08-18  15:44:00.524	4384.25	4386.50	1	2	1	2.20	216.51	2.20	2.25	-0.75	2.25	-0.75	100.0%	98.2%	73.2%	2.66	4386.50	4383.50	2Targets5c_3out_2run.twconfig	1	1	00:03:04	Sim1
[Sim]ESU3.CME	Long	2023-08-18  15:40:56.008	2023-08-18  15:50:25.997 EP	4384.25	4390.00	1	2	2	5.70	222.21	7.89 F	14.00	-1.50	11.75	-0.75	100.0%	46.4%	36.8%	2.66	4396.00	4383.50	2Targets5c_3out_2run.twconfig	2	0	00:09:29	Sim1
[Sim]ESU3.CME	Long	2023-08-18  15:55:20.650 BP	2023-08-18  15:55:58.914	4380.50	4382.75	1	2	1	2.20	224.40	2.20	2.25	-0.25	2.25	-0.25	100.0%	97.9%	87.9%	2.66	4382.75	4380.25	2Targets5c_3out_2run.twconfig	1	1	00:00:38	Sim1
[Sim]ESU3.CME	Long	2023-08-18  15:55:20.650	2023-08-18  15:56:09.167 EP	4380.50	4380.75	1	2	2	0.20	224.60	2.39 F	5.25	-0.50	3.00	-0.25	100.0%	12.1%	3.4%	2.66	4383.50	4380.25	2Targets5c_3out_2run.twconfig	2	0	00:00:48	Sim1
									Total: 3.50
